,0
0,https://blog.naver.com/sh1890/222719720737
1,https://blog.naver.com/gpal5305/222880875878
2,https://blog.naver.com/shee5954/222675932978
3,https://blog.naver.com/simple_passion/222844026969
4,https://blog.naver.com/sorim0121/222652012282
5,https://moviediary.tistory.com/4553
6,https://blog.naver.com/gpal5305/222649681165
7,https://blog.naver.com/oper45454/222615103468
8,https://blog.naver.com/espoir925/222655362212
9,https://blog.naver.com/kims718/222932666484
10,https://blog.naver.com/pororo_1012/222649422782
11,https://blog.naver.com/oper45454/222776501208
12,https://blog.naver.com/zeomeno/222812626797
13,https://blog.naver.com/gooddaykiki/222845996709
14,https://blog.naver.com/vastt/222676501560
15,https://blog.naver.com/artists_agit/222893577001
16,https://blog.naver.com/jlpqwe1/222843792735
17,https://blog.naver.com/parkhs6908/222614289226
18,https://blog.naver.com/call110926/222648848444
19,https://blog.naver.com/oper45454/222664256583
20,https://blog.naver.com/k2zerg/222871272445
21,https://blog.naver.com/rlgus2924/222844528723
22,https://blog.naver.com/playeulr/222738282321
23,https://blog.naver.com/heepss/222896997624
24,https://blog.naver.com/mini2911/222643455104
25,https://blog.naver.com/bank060/222628253878
26,https://blog.naver.com/pingki26/222636213840
27,https://blog.naver.com/soru1103/222794862147
28,https://blog.naver.com/gksakfk5410/222830114075
29,https://blog.naver.com/myday0405/222625662129
30,https://blog.naver.com/cawa666/222844033532
31,https://blog.naver.com/oper45454/222717173565
32,https://blog.naver.com/mutgym8689/222807738913
33,https://happiness0619.tistory.com/588
34,https://blog.naver.com/ljy980/222614063625
35,https://blog.naver.com/midas7414/222647054958
36,https://blog.naver.com/bubsa0701/222661066744
37,https://blog.naver.com/gydls004/222810983725
38,https://blog.naver.com/gguu1029/222882150640
39,https://blog.naver.com/tfdtfdr7592/222657585107
40,https://blog.naver.com/k2zerg/222655949925
41,https://dkqenfwkqk.tistory.com/2376
42,https://blog.naver.com/a_anna/222682189550
43,https://blog.naver.com/mdbs4113/222695897436
44,https://blog.naver.com/fashionncom/222928354488
45,https://blog.naver.com/ym771217/222661084730
46,https://blog.naver.com/starljw90/222646822462
47,https://blog.naver.com/duck8028/222677202810
48,https://blog.naver.com/otuskin/222838712551
49,https://blog.naver.com/yg8212/222894075936
50,https://blog.naver.com/lthrk035/222835147584
51,https://ddlog2.tistory.com/930
52,https://blog.naver.com/sooyeon86/222875035795
53,https://blog.naver.com/kmj424425/222695746688
54,https://blog.naver.com/graciemoon/222636305765
55,https://blog.naver.com/kims718/222610779499
56,https://blog.naver.com/chloekyoung_624/222882573675
57,https://baeristar.tistory.com/304
58,https://blog.naver.com/tfdtfdr7592/222680719380
59,https://blog.naver.com/slamdunk2008/222811252425
60,https://blog.naver.com/directpang/222654192920
61,https://blog.naver.com/kmj424425/222714948919
62,https://blog.naver.com/dud_9350/222675655564
63,https://blog.naver.com/k2zerg/222631184976
64,https://blog.naver.com/starljw90/222628196913
65,https://blog.naver.com/turbo12177/222632905921
66,https://moviediary.tistory.com/4397
67,https://blog.naver.com/azaleass/222645806061
68,https://blog.naver.com/minah786/222642426615
69,https://blog.naver.com/bad12549/222675922851
70,https://blog.naver.com/gna0224/222938641401
71,https://blog.naver.com/kidjina1998/222650498421
72,https://blog.naver.com/call110926/222935850366
73,https://blog.naver.com/sooyeon86/222670601955
74,https://blog.naver.com/yj12640/222761787877
75,https://blog.naver.com/k2zerg/222769927417
76,https://blog.naver.com/7822lsy/222844211363
77,https://blog.naver.com/espoir925/222661096700
78,https://blog.naver.com/kmj424425/222787282597
79,https://blog.naver.com/hyungmjee/222627312045
80,https://blog.naver.com/kmj424425/222810019217
81,https://blog.naver.com/ohio_yn/222610324654
82,https://blog.naver.com/leatherreborn/222933543829
83,https://star-profile.tistory.com/1033
84,https://blog.naver.com/gemkd/222859340777
85,https://blog.naver.com/stomachlgs806/222612970748
86,https://blog.naver.com/chochon56/222913387121
87,https://blog.naver.com/aprilmag/222640996807
88,https://blog.naver.com/oper45454/222666937566
89,https://blog.naver.com/oddangzzigae/222728834254
90,https://blog.naver.com/pjyjyc/222666245774
91,https://blog.naver.com/eyedeco-cheonan/222618020203
92,https://blog.naver.com/karate11/222834772553
93,https://blog.naver.com/chris6549/222699314031
94,https://blog.naver.com/y0t0k0/222859145531
95,https://blog.naver.com/gomsune1/222695585651
96,https://blog.naver.com/oper45454/222627836415
97,https://blog.naver.com/cooljason92/222655673132
98,https://blog.naver.com/ddongkwang00/222610941559
99,https://blog.naver.com/pdh7947/222662208307
100,https://blog.naver.com/lthrk035/222835481255
101,https://blog.naver.com/hug387/222664288112
102,https://issuetag.tistory.com/44
103,https://blog.naver.com/7822lsy/222612058829
104,https://blog.naver.com/future_happiness/222728016671
105,https://stylesquare.tistory.com/651
106,https://blog.naver.com/gydls004/222713248833
107,https://blog.naver.com/oper45454/222640276649
108,https://blog.naver.com/shopping_love/222691225192
109,https://blog.naver.com/oper45454/222781047673
110,https://blog.naver.com/nevertextb/222670918694
111,https://blog.naver.com/youngkum1959/222849993554
112,https://blog.naver.com/kmj424425/222696105100
113,https://blog.naver.com/rose_kb/222688535059
114,https://blog.naver.com/cyj6929/222855521651
115,https://blog.naver.com/ader_da/222917046012
116,https://blog.naver.com/oper45454/222632765644
117,https://blog.naver.com/jowoo0215/222683094063
118,https://blog.naver.com/kmj424425/222806068952
119,https://baeristar.tistory.com/302
120,https://blog.naver.com/kmj424425/222722695090
121,https://blog.naver.com/babs-bunny/222726522590
122,https://yonghunism.tistory.com/2026
123,https://blog.naver.com/greed_official/222900361665
124,https://blog.naver.com/dhfl1004/222655343800
125,https://blog.naver.com/oper45454/222646839465
126,https://blog.naver.com/kk424/222704837453
127,https://blog.naver.com/wayn1029/222870455648
128,https://blog.naver.com/glass_seochang2/222620020127
129,https://blog.naver.com/sjaegu1122/222612256835
130,https://blog.naver.com/itopstar/222648147170
131,https://blog.naver.com/call110926/222785240971
132,https://blog.naver.com/eye_marine/222738115820
133,https://blog.naver.com/h_proms/222750464286
134,https://blog.naver.com/pepekjin/222718630280
135,https://blog.naver.com/ibk0840/222611029897
136,https://blog.naver.com/oper45454/222610242703
137,https://blog.naver.com/aubrvo/222636939805
138,https://blog.naver.com/elbertkim60/222915510283
139,https://blog.naver.com/kmj424425/222617462579
140,https://blog.naver.com/dbstmfrlek/222836255641
141,https://blog.naver.com/starljw90/222677588661
142,https://blog.naver.com/mmm7720/222705170606
143,https://blog.naver.com/kstarfashion/222812335090
144,https://blog.naver.com/ohye1991/222837483092
145,https://dkqenfwkqk.tistory.com/2378
146,https://blog.naver.com/sooyeon86/222893190528
147,https://blog.naver.com/ryeong210/222881880520
148,https://blog.naver.com/shoppinggoddess/222864009096
149,https://blog.naver.com/jiyomyom/222857056010
150,https://blog.naver.com/jihee3453/222670168458
151,https://blog.naver.com/jaoom63/222887129599
152,https://blog.naver.com/aodaisyou1/222836610971
153,https://blog.naver.com/mmm7720/222651685126
154,https://drench310.tistory.com/entry/%EA%B3%A8%EB%95%8C%EB%A6%AC%EB%8A%94-%EA%B7%B8%EB%85%80%EB%93%A4-%EC%9B%90%EB%8D%94%EC%9A%B0%EB%A8%BC-%EC%86%A1%EC%86%8C%ED%9D%AC-%ED%94%84%EB%A1%9C%ED%95%84-%EB%82%98%EC%9D%B4-%ED%82%A4-%EC%BC%80%EB%B9%88-%EB%8D%94%EB%B8%8C%EB%9D%BC%EC%9C%84%EB%84%88-%EC%86%90%ED%9D%A5%EB%AF%BC
155,https://blog.naver.com/bluepomp1/222637571360
156,https://blog.naver.com/dallottkr/222654793090
157,https://blog.naver.com/oper45454/222900591834
158,https://blog.naver.com/sunwoo9755/222631134734
159,https://gdbaby.tistory.com/407
160,https://blog.naver.com/khwlion/222888513286
161,https://blog.naver.com/rlgus2924/222835559662
162,https://blog.naver.com/kasanobano11111/222612611997
163,https://blog.naver.com/castle7610/222654091968
164,https://kant10.tistory.com/entry/%EC%86%90%EB%82%98%EC%9D%80-%EC%95%84%EC%8A%AC%EC%95%84%EC%8A%AC-%EC%B4%88%EB%AF%B8%EB%8B%88-21%EC%9D%B8%EC%B9%98-%EC%9E%98%EB%A1%9D%ED%97%88%EB%A6%AC%EC%97%90-%EB%AA%85%ED%92%88-%EA%B0%81%EC%84%A0%EB%AF%B8-%EC%82%AC%EC%A7%84
165,https://blog.naver.com/correctfqkg/222681536281
166,https://blog.naver.com/aodaisyou1/222931034730
167,https://blog.naver.com/ssm2873/222882416726
168,https://fashiontip.tistory.com/16008
169,https://blog.naver.com/cchief4ever/222915475353
170,https://blog.naver.com/call110926/222695767353
171,https://blog.naver.com/actors609/222871935772
172,https://blog.naver.com/azaleass/222639095970
173,https://blog.naver.com/k2zerg/222928653088
174,https://blog.naver.com/doms0320/222612110305
175,https://blog.naver.com/g9inside/222638571555
176,https://blog.naver.com/rachelenergy/222716872197
177,https://blog.naver.com/kormedia/222717257201
178,https://blog.naver.com/uspilates_mundeok/222678921201
179,https://blog.naver.com/oper45454/222690869194
180,https://blog.naver.com/barim12/222850512000
181,https://blog.naver.com/sajkep56/222862282351
182,https://blog.naver.com/easy44at/222645664512
183,https://blog.naver.com/espoir925/222913134479
184,https://blog.naver.com/dpeka624/222619569507
185,https://blog.naver.com/ryuri666/222612026082
186,https://blog.naver.com/k2zerg/222648497248
187,https://blog.naver.com/criticismx3cf/222634223135
188,https://blog.naver.com/eomms65/222611841779
189,https://blog.naver.com/yennie_s/222921795498
190,https://blog.naver.com/jobary/222652026910
191,https://blog.naver.com/o_ogirls/222635404478
192,https://blog.naver.com/m8n_sz/222650701508
193,https://blog.naver.com/kmj424425/222714358382
194,https://blog.naver.com/feliz8863/222794774610
195,https://blog.naver.com/h_proms/222755054147
196,https://blog.naver.com/jinnie0929/222633787368
197,https://blog.naver.com/kstarfashion/222836168856
198,https://blog.naver.com/mko0506/222639544758
199,https://blog.naver.com/starljw90/222664936031
200,https://blog.naver.com/kmj424425/222715020168
201,https://blog.naver.com/y0t0k0/222859121061
202,https://blog.naver.com/soungmi9440/222725428763
203,https://blog.naver.com/dhfl1004/222834798005
204,https://blog.naver.com/resortlab_dg/222851774888
205,https://blog.naver.com/lookspilates_bc/222874783145
206,https://blog.naver.com/qwerfc7/222657756951
207,https://drench310.tistory.com/entry/%EC%97%90%EC%9D%B4%ED%95%91%ED%81%AC-%EC%86%90%EB%82%98%EC%9D%80-%ED%94%84%EB%A1%9C%ED%95%84-%EB%B9%84%EC%A3%BC%EC%96%BC-%EC%84%BC%ED%84%B0-%EC%A7%81%EC%BA%A0-%EC%97%AC%EC%8B%A0-%EC%86%90%EB%8B%88%EC%9D%80
208,https://blog.naver.com/mmm7720/222706156664
209,https://blog.naver.com/possiblesxxc/222624201996
210,https://blog.naver.com/seonhye9165/222611679748
211,https://blog.naver.com/suinssss/222890483554
212,https://blog.naver.com/7822lsy/222888633492
213,https://blog.naver.com/sugarpd/222913074002
214,https://choice-choi.tistory.com/entry/%EA%B0%95%ED%98%95%EC%9A%B1-%EA%B0%9C%EB%AC%BC%EB%A6%BC-%EC%82%AC%EA%B3%A0?category=987066
215,https://issuetag.tistory.com/65
216,https://blog.naver.com/qjtejrjf/222882485655
217,https://blog.naver.com/skqkfl2018/222913135442
218,https://blog.naver.com/llbnwppfm/222811946436
219,https://blog.naver.com/espoir925/222890686745
220,https://blog.naver.com/exthand2020/222647625872
221,https://blog.naver.com/suyeongchae/222843809147
222,https://blog.naver.com/oper45454/222622987552
223,https://blog.naver.com/kulen/222754744354
224,https://blog.naver.com/ryuri666/222655502907
225,https://blog.naver.com/7284991/222718792774
226,https://blog.naver.com/ym771217/222811672503
227,https://blog.naver.com/arum0825/222799084486
228,https://blog.naver.com/gotitkorea/222771624144
229,https://blog.naver.com/in_korean_style/222888783595
230,https://issuetag.tistory.com/43
231,https://blog.naver.com/blackzman/222882576812
232,https://blog.naver.com/oper45454/222922446593
233,https://blog.naver.com/sooyeon86/222717259080
234,https://blog.naver.com/cjw880408/222909818953
235,https://blog.naver.com/minaji49/222610299071
236,https://blog.naver.com/in_korean_style/222871400439
237,https://blog.naver.com/kims718/222790633565
238,https://blog.naver.com/oper45454/222753527186
239,https://yongstyle.tistory.com/657
240,https://blog.naver.com/kims718/222845553062
241,https://blog.naver.com/oper45454/222657464883
242,https://blog.naver.com/kims718/222741570080
243,https://blog.naver.com/book-j/222660714614
244,https://blog.naver.com/lsuy90/222780095749
245,https://blog.naver.com/pkeunyoo/222825260487
246,https://blog.naver.com/hw02026/222902594039
247,https://blog.naver.com/wnsrb9560/222844013296
248,https://blog.naver.com/1105mk/222855177642
249,https://blog.naver.com/chiken/222630527698
250,https://blog.naver.com/moosoo001/222611961406
251,https://blog.naver.com/khsmsdm88/222828229532
252,https://blog.naver.com/k2zerg/222649473770
253,https://blog.naver.com/espoir925/222654309547
254,https://blog.naver.com/jw43357/222835097105
255,https://choice-choi.tistory.com/entry/%EC%86%90%EB%82%98%EC%9D%80-%EB%8F%99%EC%83%9D-%EC%86%90%EC%83%88%EC%9D%80-%EC%9E%84%EC%B0%AC%EA%B7%9C-%EC%97%B4%EC%95%A0
256,https://blog.naver.com/yennie_s/222913054970
257,https://blog.naver.com/rlgus2924/222849122258
258,https://blog.naver.com/sweetoneeighty/222819048691
259,https://blog.naver.com/lonelypxju/222645683685
260,https://blog.naver.com/ehskeh88/222837186832
261,https://blog.naver.com/o_newthang/222852819986
262,https://blog.naver.com/et0261/222936629788
263,https://blog.naver.com/dbstmfrlek/222713311856
264,https://hj23k.tistory.com/689
265,https://blog.naver.com/mozzick/222691181818
266,https://blog.naver.com/lenayoga/222740143381
267,https://blog.naver.com/galam0703/222881679117
268,https://blog.naver.com/good4021/222612670431
269,https://blog.naver.com/tfdtfdr7592/222662547763
270,https://blog.naver.com/oper45454/222758625757
271,https://blog.naver.com/nm101500/222611921240
272,https://blog.naver.com/cielcrayon/222847428612
273,https://blog.naver.com/availablec3ui/222611856083
274,https://gdbaby.tistory.com/468
275,https://blog.naver.com/gomjipark8/222668969168
276,https://blog.naver.com/chair2019/222634262735
277,https://blog.naver.com/gydls004/222661050677
278,https://blog.naver.com/irewoidhio/222671003763
279,https://blog.naver.com/jch4512/222836472000
280,https://blog.naver.com/b5wmngfhf/222884090501
281,https://blog.naver.com/k2zerg/222862419321
282,https://blog.naver.com/alarm-jin/222777107680
283,https://blog.naver.com/j600410/222715137991
284,https://stylesquare.tistory.com/546
285,https://blog.naver.com/gooddaykiki/222938247859
286,https://blog.naver.com/sooyeon86/222647069609
287,https://blog.naver.com/call110926/222712807537
288,https://blog.naver.com/gydls004/222795323311
289,https://blog.naver.com/infiniteflower90/222696152127
290,https://blog.naver.com/sssmira/222772292380
291,https://blog.naver.com/eyegentry_gb/222874825190
292,https://korea-hotplace.tistory.com/4189
293,https://blog.naver.com/call110926/222612151552
294,https://blog.naver.com/beloveljw/222648400827
295,https://blog.naver.com/leycsj0623/222619903660
296,https://blog.naver.com/starljw90/222659602933
297,https://blog.naver.com/starljw90/222648772630
298,https://blog.naver.com/hooshia/222838148823
299,https://blog.naver.com/kmj424425/222635575095
300,https://blog.naver.com/fksl5818/222610629736
301,https://moviediary.tistory.com/4006
302,https://blog.naver.com/gpal5305/222733362750
303,https://blog.naver.com/rlgus2924/222836910226
304,https://blog.naver.com/skqkfl2018/222882686679
305,https://blog.naver.com/mmm7720/222662466742
306,https://blog.naver.com/oper45454/222660633797
307,https://blog.naver.com/rlgus2924/222872003228
308,https://blog.naver.com/hhwjh/222648542537
309,https://blog.naver.com/dada5249/222649965314
310,https://blog.naver.com/kims718/222719552379
311,https://blog.naver.com/leemin215/222696083750
312,https://blog.naver.com/daramjuo/222779225037
313,https://blog.naver.com/in_korean_style/222612177972
314,https://blog.naver.com/y0t0k0/222875348997
315,https://star-profile.tistory.com/1036
316,https://blog.naver.com/sorim0121/222652615144
317,https://blog.naver.com/starljw90/222687528192
318,https://blog.naver.com/cooljason92/222695680021
319,https://blog.naver.com/jenny8428/222650486487
320,https://penguin8.tistory.com/321
321,https://blog.naver.com/dbstmfrlek/222883558647
322,https://blog.naver.com/dearsee/222874491699
323,https://blog.naver.com/luvsuy76/222617766290
324,https://blog.naver.com/k2zerg/222612011809
325,https://dkqenfwkqk.tistory.com/2375
326,https://blog.naver.com/oddangzzigae/222643330310
327,https://blog.naver.com/jeonghj-3700/222771403595
328,https://blog.naver.com/gydls004/222881281413
329,https://blog.naver.com/sbsgreen0318/222925907439
330,https://blog.naver.com/oper45454/222650775666
331,https://blog.naver.com/galam0703/222610308625
332,https://blog.naver.com/sj-0601/222914367062
333,https://blog.naver.com/lilycole2006/222806449918
334,https://blog.naver.com/indragon1119/222610856114
335,https://mediawikinews.tistory.com/597
336,https://blog.naver.com/htae_/222892444964
337,https://blog.naver.com/aprilmag/222648275443
338,https://blog.naver.com/jch4512/222662781975
339,https://blog.naver.com/starljw90/222690147464
340,https://blog.naver.com/solomoncd/222834914796
341,https://blog.naver.com/wfmania2002/222645679670
342,https://blog.naver.com/aa0woo/222634782459
343,https://blog.naver.com/hader0215/222695830910
344,https://blog.naver.com/shee5954/222856595631
345,https://blog.naver.com/espoir925/222637558249
346,https://blog.naver.com/hu_sh_go/222717375687
347,https://hobbymooong.tistory.com/1649
348,https://blog.naver.com/jhjhjhjhjhjhjhjh/222809626547
349,https://blog.naver.com/banssi0095/222651089703
350,https://blog.naver.com/2min20731/222800676002
351,https://blog.naver.com/in_korean_style/222639953539
352,https://blog.naver.com/juheekims/222625719290
353,https://blog.naver.com/ijoao/222696027816
354,https://blog.naver.com/331736/222790679308
355,https://blog.naver.com/6tmdgml6/222910400334
356,https://blog.naver.com/jaoom63/222611223614
357,https://blog.naver.com/cocogym1/222657642063
358,https://tokipu.tistory.com/2779
359,https://blog.naver.com/shezyoganpilates/222659808717
360,https://blog.naver.com/oper45454/222614154276
361,https://blog.naver.com/k2zerg/222864213906
362,https://blog.naver.com/starljw90/222860754147
363,https://blog.naver.com/galekwon_os/222638817964
364,https://blog.naver.com/wastyj/222643613977
365,https://blog.naver.com/rnalqhdrhr/222662585812
366,https://blog.naver.com/cyj6929/222870524465
367,https://blog.naver.com/dbstmfrlek/222690269240
368,https://blog.naver.com/reny711/222616167043
369,https://blog.naver.com/lynaboutique2/222640595159
370,https://blog.naver.com/samkxkseod/222923377263
371,https://blog.naver.com/jj22lin/222668055926
372,https://blog.naver.com/pretty6144/222849270591
373,https://blog.naver.com/leeperle3/222835469018
374,https://wfmania2002.tistory.com/3175
375,https://blog.naver.com/sgtcky/222841813960
376,https://blog.naver.com/kimar1220/222680243663
377,https://blog.naver.com/jch4512/222628508331
378,https://blog.naver.com/iamheozzang/222666967222
379,https://blog.naver.com/watch_holic/222726017506
380,https://star-profile.tistory.com/1054
381,https://blog.naver.com/aptamilcom/222832328389
382,https://blog.naver.com/gotitkorea/222674546400
383,https://blog.naver.com/k2zerg/222663027718
384,https://blog.naver.com/replacebf7g/222625995923
385,https://blog.naver.com/jaoom63/222886024154
386,https://blog.naver.com/q116611/222614080951
387,https://blog.naver.com/accsd06/222621001255
388,https://blog.naver.com/jajaro/222704923495
389,https://blog.naver.com/oper45454/222653092027
390,https://blog.naver.com/1peace_official/222845639907
391,https://youwin0427.tistory.com/3391
392,https://blog.naver.com/oper45454/222644442613
393,https://blog.naver.com/oper45454/222739988602
394,https://blog.naver.com/rlgus2924/222838197035
395,https://royal-oak.tistory.com/entry/%EA%B3%A8%ED%94%84%EC%9E%A5-%EB%9D%BC%EC%9A%B4%EB%94%A9-%EA%B8%B0%EB%B3%B8-%EB%A7%A4%EB%84%88-%EC%95%8C%EC%95%84%EB%B3%B4%EA%B8%B0
396,https://blog.naver.com/thelong1126/222783531776
397,https://blog.naver.com/jaoom63/222645277245
398,https://blog.naver.com/ordinary44/222909874232
399,https://blog.naver.com/gksakfk5410/222686341550
400,https://blog.naver.com/hy0840/222610633466
401,https://blog.naver.com/mmm7720/222714944155
402,https://blog.naver.com/dadada832/222702436335
403,https://yonghunism.tistory.com/2003
404,https://blog.naver.com/dbstmfrlek/222806092825
405,https://blog.naver.com/vicyorydragon99/222846285614
406,https://blog.naver.com/bubsa0701/222824362505
407,https://blog.naver.com/lalayoga/222670564028
408,https://blog.naver.com/chemistdqlg/222715690835
409,https://blog.naver.com/shezyoganpilates/222669630311
410,https://blog.naver.com/kkomi8181/222738445836
411,https://blog.naver.com/oper45454/222736161871
412,https://blog.naver.com/gksakfk5410/222735045864
413,https://blog.naver.com/efocusnews/222661868393
414,https://blog.naver.com/loveopop0813/222660979670
415,https://blog.naver.com/dcthlt/222675178870
416,https://blog.naver.com/pkeunyoo/222698827700
417,https://blog.naver.com/hyungmjee/222625762971
418,https://blog.naver.com/daisyhp/222805338696
419,https://blog.naver.com/jjubika1/222908960194
420,https://blog.naver.com/k2zerg/222659529622
421,https://blog.naver.com/socerdjdj/222640059089
422,https://blog.naver.com/buwok/222629327330
423,https://blog.naver.com/kstarfashion/222714021491
424,https://blog.naver.com/jaoom63/222661995958
425,https://blog.naver.com/gksakfk5410/222701890046
426,https://blog.naver.com/oper45454/222699572621
427,https://blog.naver.com/espoir925/222871031078
428,https://blog.naver.com/bonmarine/222850202102
429,https://blog.naver.com/hs41kyu79/222782085548
430,https://blog.naver.com/oper45454/222761574465
431,https://blog.naver.com/starljw90/222689428529
432,https://blog.naver.com/oper45454/222640740939
433,https://blog.naver.com/gpal5305/222724929464
434,https://blog.naver.com/cpskou12/222883675774
435,https://ddlog2.tistory.com/941
436,https://blog.naver.com/l4k55krfc/222651638157
437,https://blog.naver.com/kmj424425/222657087357
438,https://blog.naver.com/dbstmfrlek/222681004054
439,https://blog.naver.com/insporstagram/222695529235
440,https://korea-hotplace.tistory.com/4197
441,https://blog.naver.com/kmj424425/222698273345
442,https://blog.naver.com/nayakee/222612069099
443,https://blog.naver.com/oper45454/222669340810
444,https://blog.naver.com/inputmx8f/222650441012
445,https://blog.naver.com/azaleass/222631938303
446,https://star-profile.tistory.com/1022
447,https://blog.naver.com/hs41kyu79/222610813830
448,https://l1koo1k.tistory.com/464
449,https://blog.naver.com/aoclssja123/222632192336
450,https://blog.naver.com/fallkittycat/222613636229
451,https://blog.naver.com/kims718/222840109051
452,https://blog.naver.com/doms0320/222654055522
453,https://blog.naver.com/hyunju_yu09/222717908766
454,https://blog.naver.com/tmvmfldzoavm/222627007828
455,https://blog.naver.com/ymr0128/222649905421
456,https://blog.naver.com/which9mp3/222797573843
457,https://blog.naver.com/gpal5305/222621160452
458,https://blog.naver.com/mini2911/222624111532
459,https://blog.naver.com/azaleass/222798518815
460,https://blog.naver.com/cube-gym/222902317546
461,https://royal-oak.tistory.com/entry/%EA%B9%80%EA%B0%80%ED%98%95-%ED%94%84%EB%A1%9C-%EB%A0%88%EC%8A%A8-%EB%82%98%EC%9D%B4-%EA%B2%B0%ED%98%BC-%EC%9D%B8%EC%8A%A4%ED%83%80%EA%B7%B8%EB%9E%A8
462,https://blog.naver.com/oper45454/222713004433
463,https://blog.naver.com/kmj424425/222717988466
464,https://blog.naver.com/oper45454/222631757225
465,https://blog.naver.com/imbeauty007/222675148903
466,https://blog.naver.com/blamewfs6/222640608642
467,https://blog.naver.com/kmj424425/222722425647
468,https://happiness0619.tistory.com/592
469,https://blog.naver.com/wjdehd5329/222611784681
470,https://blog.naver.com/sbsgreen0318/222639633484
471,https://blog.naver.com/younalove2/222613984952
472,https://blog.naver.com/pororo_1012/222634511628
473,https://blog.naver.com/gydls004/222618671983
474,https://blog.naver.com/waterline012/222717737770
475,https://blog.naver.com/dbstmfrlek/222776057727
476,https://blog.naver.com/tlakfh2/222883114964
477,https://blog.naver.com/chicspring/222843971920
478,https://blog.naver.com/azaleass/222882848375
479,https://blog.naver.com/mmm7720/222613548850
480,https://blog.naver.com/advertising2020/222845612706
481,https://blog.naver.com/retirez0hd/222871185310
482,https://blog.naver.com/heepss/222866969370
483,https://blog.naver.com/kmj424425/222653376942
484,https://blog.naver.com/7284991/222729059581
485,https://blog.naver.com/myungjin0807/222661938750
486,https://blog.naver.com/secretinto/222771098776
487,https://blog.naver.com/heepss/222864562931
488,https://blog.naver.com/yoojinhwang9/222789241831
489,https://blog.naver.com/sjaegu1122/222890956681
490,https://blog.naver.com/rlgus2924/222864295800
491,https://blog.naver.com/gs92401037/222710923923
492,https://blog.naver.com/dhfldhkdwk7/222711166450
493,https://myhomefree.tistory.com/1826
494,https://blog.naver.com/hyungmjee/222611767233
495,https://blog.naver.com/cambel8388/222620488179
496,https://blog.naver.com/jimin90105/222875467784
497,https://blog.naver.com/gooddaykiki/222721973507
498,https://blog.naver.com/abnormaller1/222890517002
499,https://blog.naver.com/turbo12177/222612180776
500,https://blog.naver.com/junsook75/222680510183
501,https://blog.naver.com/jhsong46/222815197812
502,https://blog.naver.com/silvermi507/222668369984
503,https://fashiontip.tistory.com/16289
504,https://blog.naver.com/in_korean_style/222636725174
505,https://blog.naver.com/kmgun0304/222619226667
506,https://blog.naver.com/70tkfkdgo/222695863434
507,https://blog.naver.com/o2l0zs21t/222883399284
508,https://blog.naver.com/dmsgodskan19/222617907475
509,https://blog.naver.com/ahbooom/222649290018
510,https://blog.naver.com/yaa117/222806027234
511,https://blog.naver.com/lalalasarm0070/222805020405
512,https://blog.naver.com/mmm7720/222696102606
513,https://blog.naver.com/darling__yoo/222685392452
514,https://blog.naver.com/ddpurple__/222937642528
515,https://gdbaby.tistory.com/405
516,https://blog.naver.com/tfdtfdr7592/222669835494
517,https://blog.naver.com/chcha325/222733418988
518,https://blog.naver.com/espoir925/222642033576
519,https://blog.naver.com/ra0nnie/222671857153
520,https://blog.naver.com/2015begin/222927851238
521,https://blog.naver.com/oper45454/222643531977
522,https://blog.naver.com/correcttkd7/222813561215
523,https://dkqenfwkqk.tistory.com/2374
524,https://kant10.tistory.com/2339
525,https://blog.naver.com/skqkfl2018/222837221957
526,https://blog.naver.com/ohye1991/222881549233
527,https://blog.naver.com/gooddaykiki/222612037281
528,https://blog.naver.com/jenny8428/222668298848
529,https://blog.naver.com/gotitkorea/222704208952
530,https://blog.naver.com/miraclelego/222688889644
531,https://blog.naver.com/rhrh0604/222882406251
532,https://blog.naver.com/6t4cjua10/222618526214
533,https://blog.naver.com/dgk0430/222897233195
534,https://blog.naver.com/sh5306kr/222888900603
535,https://blog.naver.com/aubrvo/222738935553
536,https://blog.naver.com/mini2911/222610390676
537,https://blog.naver.com/taste3y97/222634220632
538,https://blog.naver.com/galam0703/222739837469
539,https://blog.naver.com/rlagos99/222890629083
540,https://blog.naver.com/tagshop/222930072358
541,https://blog.naver.com/wnstkd7350/222850792375
542,https://blog.naver.com/injurex7fs/222717113229
543,https://blog.naver.com/dldksrudtkdanwja/222871859503
544,https://blog.naver.com/hy0840/222634751464
545,https://blog.naver.com/notsilly/222611963360
546,https://blog.naver.com/turbo12177/222624764506
547,https://blog.naver.com/buwok/222609948468
548,https://blog.naver.com/azaleass/222811316677
549,https://blog.naver.com/yennie_s/222800100549
550,https://blog.naver.com/icewater7070/222683744684
551,https://blog.naver.com/gksakfk5410/222685447742
552,https://blog.naver.com/wfmania2002/222714752571
553,https://blog.naver.com/starljw90/222695752966
554,https://blog.naver.com/cinema5qkx/222732722919
555,https://blog.naver.com/wfmania2002/222641392987
556,https://blog.naver.com/nayakee/222626136312
557,https://blog.naver.com/hongya931/222617791824
558,https://blog.naver.com/kmj424425/222685669344
559,https://blog.naver.com/oddangzzigae/222614863845
560,https://blog.naver.com/j600410/222717332884
561,https://blog.naver.com/acr0083/222662350140
562,https://blog.naver.com/cgringring/222660725767
563,https://blog.naver.com/big705/222821003250
564,https://blog.naver.com/charminggg96/222877915951
565,https://blog.naver.com/skqkfl2018/222885318790
566,https://blog.naver.com/gpal5305/222684604586
567,https://blog.naver.com/hjcsj0620/222655090301
568,https://blog.naver.com/lovelyjung925/222791664271
569,https://blog.naver.com/book-j/222835119877
570,https://databanks.tistory.com/entry/%EB%B0%95%EC%9D%80%EB%B9%88-%EB%AA%A8%ED%83%9C%EC%86%94%EB%A1%9C%EC%9D%B4%EC%83%81%ED%95%9C-%EB%B3%80%ED%98%B8%EC%82%AC-%EC%9A%B0%EC%98%81%EC%9A%B0-%EB%AF%BF%EA%B3%A0%EB%B3%B4%EB%8A%94-%EB%B0%B0%EC%9A%B0-%EB%B0%95%EC%9D%80%EB%B9%88-%EC%9A%B0%EB%A6%AC%EA%B0%80-%EB%AA%B0%EB%9E%90%EB%8D%98-%EC%82%AC%EC%8B%A4%EB%93%A4-%EA%B7%B8%EA%B2%83%EC%9D%B4-%EC%95%8C%EA%B3%A0%EC%8B%B6%EB%8B%A4-%EC%B6%9C%EC%97%B0-%EB%93%B1
571,https://blog.naver.com/2668041/222616384486
572,https://blog.naver.com/wfmania2002/222660984144
573,https://blog.naver.com/y0t0k0/222859076629
574,https://blog.naver.com/rlgus2924/222836278477
575,https://blog.naver.com/raspberry5322/222941110341
576,https://blog.naver.com/turbo12177/222610822256
577,https://blog.naver.com/naman_sarang/222907753386
578,https://blog.naver.com/oper45454/222617039969
579,https://blog.naver.com/hpilates_/222642879362
580,https://blog.naver.com/oper45454/222910724266
581,https://blog.naver.com/mmm7720/222634023114
582,https://blog.naver.com/ryc3030/222695731329
583,https://blog.naver.com/sob09/222715270545
584,https://blog.naver.com/billivreal2state/222917519645
585,https://blog.naver.com/domagent/222612043212
586,https://blog.naver.com/koocci/222645653309
587,https://blog.naver.com/kk424/222705644556
588,https://blog.naver.com/miyampuzzy/222695549156
589,https://blog.naver.com/imagetech1/222664185242
590,https://blog.naver.com/aubrvo/222639732385
591,https://blog.naver.com/pin_lots/222864205425
592,https://blog.naver.com/fnhelp/222898329915
593,https://blog.naver.com/reny5/222651285409
594,https://blog.naver.com/soungmi9440/222721036816
595,https://blog.naver.com/shopping_love/222615597096
596,https://blog.naver.com/sooyeon86/222613517546
597,https://moluv.tistory.com/483
598,https://movie2863.tistory.com/275
599,https://blog.naver.com/sunwoo9755/222653091523
600,https://blog.naver.com/1nnyonly/222618819128
601,https://blog.naver.com/gozara/222691988994
602,https://blog.naver.com/matias_kr/222657639325
603,https://blog.naver.com/you227you/222651300075
604,https://blog.naver.com/k2zerg/222681021306
605,https://blog.naver.com/dbstmfrlek/222689582542
606,https://blog.naver.com/kims718/222703039051
607,https://blog.naver.com/kmj424425/222738004187
608,https://blog.naver.com/infobelltv/222858527198
609,https://blog.naver.com/yeonhwa0416/222885393488
610,https://blog.naver.com/skqkfl2018/222931128585
611,https://blog.naver.com/kstarfashion/222662019473
612,https://blog.naver.com/jtfvyzdxm/222612860706
613,https://blog.naver.com/tfdtfdr7592/222650929005
614,https://blog.naver.com/orange3270/222903907595
615,https://blog.naver.com/emetkh2/222663247586
616,https://blog.naver.com/espoir925/222718062025
617,https://blog.naver.com/iheeyoungi/222657692759
618,https://blog.naver.com/oper45454/222663311542
619,https://blog.naver.com/white710601/222680446494
620,https://blog.naver.com/secretinto/222698549017
621,https://blog.naver.com/lenakle/222827942476
622,https://blog.naver.com/oper45454/222637402606
623,https://blog.naver.com/kmj424425/222722604092
624,https://blog.naver.com/lucy01023/222680955096
625,https://blog.naver.com/schoolsharing0725/222619798889
626,https://blog.naver.com/mia_mood/222736980030
627,https://blog.naver.com/kowave_kr/222614387894
628,https://blog.naver.com/oper45454/222937250857
629,https://blog.naver.com/mini2911/222610388315
630,https://blog.naver.com/kja00710/222611505059
631,https://blog.naver.com/from_aprilone_ing/222927870924
632,https://blog.naver.com/koocci/222636544654
633,https://blog.naver.com/cockloftc/222930532765
634,https://blog.naver.com/azaleass/222651898981
635,https://movie2863.tistory.com/entry/2%EC%9B%94-1%EC%A3%BC%EC%B0%A8-%EC%9D%B8%ED%84%B0%EB%84%B7-%EC%A2%85%ED%95%A9-%EC%88%9C%EC%9C%84%E3%85%A3VOD-%EC%98%81%ED%99%94-%EA%B2%BD%EA%B4%80%EC%9D%98-%ED%94%BC-%EB%93%9C%EB%9D%BC%EB%A7%88-%EC%8B%A0%EC%82%AC%EC%99%80-%EC%95%84%EA%B0%80%EC%94%A8-IPTV-%EC%9D%B4%ED%84%B0%EB%84%90%EC%8A%A4-%EC%A0%95%EC%83%81
636,https://blog.naver.com/dpsxlr0113/222928700280
637,https://darkening.tistory.com/1327
638,https://blog.naver.com/starljw90/222679584675
639,https://blog.naver.com/nknk7500/222785721361
640,https://ddlog2.tistory.com/1043
641,https://blog.naver.com/hs41kyu79/222811468581
642,https://blog.naver.com/mmm7720/222696040400
643,https://blog.naver.com/jch4512/222628516842
644,https://blog.naver.com/gurygury2022/222661628093
645,https://blog.naver.com/sunnysunnny/222637610927
646,https://blog.naver.com/kmj424425/222689599308
647,https://blog.naver.com/umibada0901/222857271638
648,https://blog.naver.com/mmm7720/222659684844
649,https://darkening.tistory.com/1340
650,https://blog.naver.com/starljw90/222644166311
651,https://blog.naver.com/k2zerg/222633897094
652,https://blog.naver.com/ym771217/222633974280
653,https://blog.naver.com/oper45454/222708290327
654,https://blog.naver.com/zldnld99/222615177697
655,https://blog.naver.com/babi1957/222856744211
656,https://blog.naver.com/rlagkgks714/222871100185
657,https://blog.naver.com/walwalgo0707/222655625704
658,https://blog.naver.com/wondoll2000/222636586692
659,https://blog.naver.com/7822lsy/222662251109
660,https://baeristar.tistory.com/303
661,https://blog.naver.com/reny5/222662638530
662,https://blog.naver.com/j600410/222883563271
663,https://blog.naver.com/wereally/222921540856
664,https://blog.naver.com/nanana571/222662302576
665,https://blog.naver.com/songvly_/222844906069
666,https://blog.naver.com/j600410/222725773600
667,https://baeristar.tistory.com/300
668,https://blog.naver.com/accsd06/222656814223
669,https://blog.naver.com/ezraalford/222740268433
670,https://blog.naver.com/soungmi9440/222661078490
671,https://blog.naver.com/chsh0115/222628953032
672,https://blog.naver.com/cooljason92/222611908997
673,https://blog.naver.com/85syhappy/222639620653
674,https://blog.naver.com/oper45454/222645347333
675,https://blog.naver.com/songvly_/222835325261
676,https://blog.naver.com/hy0840/222611838419
677,https://blog.naver.com/yesokbary/222724881444
678,https://blog.naver.com/bj212pyo/222626679229
679,https://blog.naver.com/orange3270/222896552692
680,https://blog.naver.com/golffive5/222756624812
681,https://blog.naver.com/younalove2/222618549627
682,https://blog.naver.com/starljw90/222770542879
683,https://blog.naver.com/coco_bling/222861005056
684,https://blog.naver.com/soungmi9440/222717662616
685,https://blog.naver.com/dgk0430/222867694071
686,https://blog.naver.com/kori1112/222643196773
687,https://blog.naver.com/azaleass/222632593980
688,https://star-profile.tistory.com/1025
689,https://blog.naver.com/cooljason92/222660159059
690,https://blog.naver.com/semtl09/222914300166
691,https://blog.naver.com/in_korean_style/222881331848
692,https://blog.naver.com/1_2233/222934210621
693,https://blog.naver.com/starljw90/222658858728
694,https://blog.naver.com/mmm7720/222695975836
695,https://blog.naver.com/azaleass/222610826240
696,https://blog.naver.com/jmary00/222667794236
697,https://blog.naver.com/jnjnyu/222700014223
698,https://blog.naver.com/call110926/222754659481
699,https://blog.naver.com/jaoom63/222881951110
700,https://blog.naver.com/mmm7720/222635350252
701,https://toygrim.tistory.com/4627
702,https://blog.naver.com/jgym_erica/222929443419
703,https://blog.naver.com/skqkfl2018/222864457717
704,https://blog.naver.com/chjnkn/222668929234
705,https://blog.naver.com/spoany355/222775397665
706,https://blog.naver.com/mirek2/222698324879
707,https://blog.naver.com/piani85/222716876661
708,https://blog.naver.com/almost1ywu/222650413987
709,https://blog.naver.com/gpal5305/222626231610
710,https://blog.naver.com/azaleass/222641191906
711,https://blog.naver.com/cookazr169/222613006914
712,https://blog.naver.com/azaleass/222618978018
713,https://blog.naver.com/lsb3002/222635631984
714,https://blog.naver.com/eden9804/222639345828
715,https://blog.naver.com/eyegentry_gb/222756126383
716,https://blog.naver.com/in_korean_style/222643583379
717,https://blog.naver.com/whitestars_22/222877410130
718,https://blog.naver.com/kasanobano111/222881810347
719,https://blog.naver.com/oper45454/222646065611
720,https://blog.naver.com/miyukki8/222867115562
721,https://blog.naver.com/n20846/222661683372
722,https://blog.naver.com/junyc438/222811800209
723,https://blog.naver.com/nicebodymin/222916883873
724,https://blog.naver.com/k2zerg/222611015573
725,https://blog.naver.com/ahsy979/222642629685
726,https://tokipu.tistory.com/2778
727,https://blog.naver.com/reumxx0905/222681512196
728,https://blog.naver.com/dreamwiz79/222662212925
729,https://jamjamlog.tistory.com/922
730,https://blog.naver.com/pio_company/222648289698
731,https://kant10.tistory.com/entry/%EC%86%90%EB%82%98%EC%9D%80-YG-%EA%B0%80%EB%8D%94%EB%8B%88-%EB%98%90-%EB%AF%BC%EB%A7%9D-%ED%8C%A8%EC%85%98-%EC%82%AC%EC%A7%84
732,https://blog.naver.com/yse1501/222695736412
733,https://blog.naver.com/rachelwood6/222676373526
734,https://blog.naver.com/geunjazz/222811034586
735,https://blog.naver.com/oper45454/222716099175
736,https://blog.naver.com/oper45454/222695055590
737,https://blog.naver.com/oddangzzigae/222812745640
738,https://blog.naver.com/y0t0k0/222847513139
739,https://blog.naver.com/19an72/222854070276
740,https://blog.naver.com/someday0514/222814952063
741,https://gdbaby.tistory.com/404
742,https://blog.naver.com/kmj424425/222620239999
743,https://blog.naver.com/sc_womenwork/222851509086
744,https://blog.naver.com/donatella93/222624018937
745,https://blog.naver.com/zldnld99/222650791457
746,https://blog.naver.com/mutgym8689/222793911464
747,https://blog.naver.com/daejangbu111/222680990184
748,https://blog.naver.com/galam0703/222640178656
749,https://blog.naver.com/pluv0121/222642942342
750,https://blog.naver.com/jw43357/222635021725
751,https://blog.naver.com/nsmung23/222837822033
752,https://blog.naver.com/moonlightwalker/222720981496
753,https://blog.naver.com/wfmania2002/222650530925
754,https://blog.naver.com/oper45454/222628917741
755,https://blog.naver.com/oper45454/222682901797
756,https://blog.naver.com/todayglasses_clear/222693577611
757,https://blog.naver.com/impress170i/222825215403
758,https://blog.naver.com/wpilates21/222720567517
759,https://blog.naver.com/kjnaa/222886540877
760,https://blog.naver.com/yennie_s/222787355082
761,https://moviediary.tistory.com/4028
762,https://blog.naver.com/oper45454/222662910077
763,https://blog.naver.com/mini2911/222612026870
764,https://blog.naver.com/slamdunk2008/222838201976
765,https://blog.naver.com/kmj424425/222695832368
766,https://issue-debate.tistory.com/entry/%EC%86%90%EC%83%88%EC%9D%80-%ED%94%84%EB%A1%9C%ED%95%84-%EC%9E%84%EC%B0%AC%EA%B7%9C-%EC%9D%B8%EC%8A%A4%ED%83%80-%EB%82%98%EC%9D%B4-%ED%94%84%EB%A1%9C-%EC%96%B8%EB%8B%88-%ED%82%A4-%EB%82%A8%EC%9E%90%EC%B9%9C%EA%B5%AC-%EA%B3%A0%ED%96%A5
767,https://blog.naver.com/doms0320/222697961305
768,https://blog.naver.com/gotitkorea/222623962723
769,https://blog.naver.com/k_159500/222664551180
770,https://blog.naver.com/tfdtfdr7592/222647239583
771,https://blog.naver.com/dbstmfrlek/222844378504
772,https://blog.naver.com/passion279/222752893471
773,https://blog.naver.com/oper45454/222622178455
774,https://blog.naver.com/slamdunk2008/222885282149
775,https://blog.naver.com/yse1501/222665675875
776,https://blog.naver.com/yennie_s/222727628942
777,https://moviediary.tistory.com/3653
778,https://blog.naver.com/heroine0729/222769946731
779,https://blog.naver.com/hyun00429/222673582481
780,https://blog.naver.com/sel3602/222688551203
781,https://blog.naver.com/kormedia/222661934788
782,https://blog.naver.com/idujh/222842921342
783,https://happiness0619.tistory.com/591
784,https://blog.naver.com/bubsa0701/222612324522
785,https://baeristar.tistory.com/301
786,https://blog.naver.com/kyungsh91187/222691631834
787,https://blog.naver.com/pleto_fit/222941224587
788,https://star-profile.tistory.com/1023
789,https://blog.naver.com/ryeong210/222859277126
790,https://blog.naver.com/mmm7720/222696160342
791,https://blog.naver.com/dbstmfrlek/222880883238
792,https://blog.naver.com/pink5835/222865646741
793,https://blog.naver.com/reumxx0905/222617748571
794,https://my.blogkor.com/1001314
795,https://blog.naver.com/yes1676/222691967623
796,https://blog.naver.com/gooddaykiki/222650572031
797,https://blog.naver.com/tfdtfdr7592/222691023182
798,https://blog.naver.com/gotitkorea/222655867282
799,https://blog.naver.com/sdh622/222783037978
800,https://star-profile.tistory.com/1046
801,https://blog.naver.com/domagent/222648087374
802,https://blog.naver.com/tndus5996/222772503641
803,https://blog.naver.com/oper45454/222634886350
804,https://blog.naver.com/oper45454/222652342718
805,https://blog.naver.com/dearsee/222719691311
806,https://blog.naver.com/azaleass/222633875593
807,https://blog.naver.com/oper45454/222727417122
808,https://blog.naver.com/skqkfl2018/222806435890
809,https://blog.naver.com/mycelebs1/222655841063
810,https://blog.naver.com/k2zerg/222695488226
811,https://blog.naver.com/hjcsj0620/222661904179
812,https://blog.naver.com/rlgus2924/222880819836
813,https://blog.naver.com/mini2911/222696342739
814,https://blog.naver.com/starljw90/222823369709
815,https://blog.naver.com/h_proms/222724335291
816,https://blog.naver.com/nuskin_manager_jemin/222736405683
817,https://darkening.tistory.com/1267
818,https://blog.naver.com/soungmi9440/222714830730
819,https://blog.naver.com/h_proms/222710766231
820,https://blog.naver.com/gguu1029/222889706355
821,https://blog.naver.com/oddangzzigae/222698851884
822,https://blog.naver.com/alleysom/222644355057
823,https://blog.naver.com/gydls004/222717205966
824,https://blog.naver.com/nyangba/222612145598
825,https://blog.naver.com/430hairilgok/222647428661
826,https://blog.naver.com/hennessy70/222661803150
827,https://toygrim.tistory.com/4984
828,https://blog.naver.com/gksakfk5410/222653608984
829,https://blog.naver.com/7822lsy/222637095514
830,https://blog.naver.com/kmj424425/222718009528
831,https://blog.naver.com/azaleass/222607893763
832,https://blog.naver.com/gemkd/222806045497
833,https://blog.naver.com/oper45454/222658142323
834,https://blog.naver.com/mini2911/222650420957
835,https://blog.naver.com/ssw16jk/222614355807
836,https://blog.naver.com/ohye1991/222889271038
837,https://blog.naver.com/yennie_s/222780919003
838,https://blog.naver.com/lucy01023/222617937374
839,https://blog.naver.com/azaleass/222613841362
840,https://blog.naver.com/gksakfk5410/222669119104
841,https://blog.naver.com/chochon56/222859328235
842,https://blog.naver.com/gwmfruckwrl/222871983227
843,https://blog.naver.com/oddangzzigae/222617740021
844,https://blog.naver.com/mozzick/222684229412
845,https://blog.naver.com/seonhye9165/222660013248
846,https://blog.naver.com/oper45454/222680360868
847,https://blog.naver.com/azaleass/222611908875
848,https://blog.naver.com/yennie_s/222815428121
849,https://blog.naver.com/oper45454/222690688634
850,https://blog.naver.com/oper45454/222791994208
851,https://blog.naver.com/gemkd/222650251942
852,https://blog.naver.com/ddam_mom/222789384510
853,https://blog.naver.com/gpdbs01/222617815520
854,https://blog.naver.com/gydls004/222725811949
855,https://blog.naver.com/pkeunyoo/222713132172
856,https://blog.naver.com/error5tyk/222645837919
857,https://blog.naver.com/youri0902/222690760981
858,https://blog.naver.com/dgk0430/222881877544
859,https://blog.naver.com/azaleass/222647489492
860,https://blog.naver.com/gydls004/222662514672
861,https://blog.naver.com/amdacc/222889502540
862,https://blog.naver.com/fashionshow1/222660262828
863,https://blog.naver.com/kylejin/222611971810
864,https://blog.naver.com/change728/222695645375
865,https://blog.naver.com/starljw90/222678703151
866,https://fashiontip.tistory.com/14696
867,https://blog.naver.com/7822lsy/222716503778
868,https://blog.naver.com/oper45454/222756587917
869,https://blog.naver.com/y0t0k0/222859440492
870,https://blog.naver.com/y0t0k0/222851514140
871,https://blog.naver.com/minaji49/222610972687
872,https://blog.naver.com/sooyeon86/222890560727
873,https://blog.naver.com/tjdud0013/222611880681
874,https://blog.naver.com/ku1476/222632471137
875,https://blog.naver.com/bubsa0701/222612323994
876,https://blog.naver.com/chochon56/222695815208
877,https://blog.naver.com/equivalents1ia/222645477291
878,https://blog.naver.com/y0t0k0/222870445349
879,https://blog.naver.com/jaoom63/222653818997
880,https://blog.naver.com/ceohanjoo/222655107416
881,https://blog.naver.com/oper45454/222705826482
882,https://blog.naver.com/bbabac234/222809662941
883,https://blog.naver.com/in_korean_style/222774975635
884,https://blog.naver.com/kowave_kr/222857141046
885,https://blog.naver.com/skqkfl2018/222842352373
886,https://blog.naver.com/fffdiary/222896791031
887,https://blog.naver.com/mini2911/222613039506
888,https://blog.naver.com/braveship/222611995395
889,https://blog.naver.com/oper45454/222633844940
890,https://blog.naver.com/cooljason92/222651944185
891,https://blog.naver.com/bmfitness_duam/222790106953
892,https://blog.naver.com/rlgus2924/222830997746
893,https://blog.naver.com/skqkfl2018/222887158955
894,https://blog.naver.com/tjsgml910301/222733218739
895,https://blog.naver.com/oper45454/222768267028
896,https://blog.naver.com/alley_world/222730012469
897,https://blog.naver.com/starljw90/222859237890
898,https://blog.naver.com/eye_marine/222876330726
899,https://blog.naver.com/livingmdbm/222857533346
900,https://movie2863.tistory.com/entry/20%EB%8C%80%EC%97%90%EC%84%9C-30%EB%8C%80%EB%A1%9C-%EB%B0%94%EB%80%8C%EB%8A%94-%EC%97%AC%EC%9E%90-%EC%97%B0%EC%98%88%EC%9D%B8-%EB%AA%A8%EC%9D%8C
901,https://blog.naver.com/chariot_london/222689192398
902,https://teamaya.tistory.com/4579
903,https://blog.naver.com/gydls004/222836273144
904,https://blog.naver.com/rlgus2924/222834788243
905,https://somlove.tistory.com/1051
906,https://blog.naver.com/oper45454/222744833479
907,https://blog.naver.com/hanyoungjungil/222695930225
908,https://blog.naver.com/call110926/222778308732
909,https://blog.naver.com/certainj3qs/222806049835
910,https://blog.naver.com/cocopeople/222675114511
911,https://blog.naver.com/oper45454/222774949787
912,https://blog.naver.com/gydls004/222635031696
913,https://blog.naver.com/enterhljg/222714996807
914,https://blog.naver.com/inglkfc/222612162536
915,https://blog.naver.com/munmjoo/222885561352
916,https://blog.naver.com/knamillove/222752282495
917,https://blog.naver.com/oddangzzigae/222861371109
918,https://blog.naver.com/specialdailylife/222635925937
919,https://blog.naver.com/midas7414/222626429555
920,https://blog.naver.com/dlwldus7171/222639519907
921,https://blog.naver.com/oj6676/222676247503
922,https://blog.naver.com/dbstmfrlek/222725851863
923,https://blog.naver.com/oddangzzigae/222775643294
924,https://blog.naver.com/soungmi9440/222722153253
925,https://blog.naver.com/y0t0k0/222859429538
926,https://blog.naver.com/ms3701/222774200709
927,https://blog.naver.com/gently6sxn/222740027531
928,https://blog.naver.com/k2zerg/222636438873
929,https://blog.naver.com/in_korean_style/222609055014
930,https://blog.naver.com/oper45454/222669200108
931,https://blog.naver.com/ryuri666/222659048860
932,https://blog.naver.com/espoir925/222642757832
933,https://blog.naver.com/in_korean_style/222716025387
934,https://blog.naver.com/alone_nori/222698454217
935,https://blog.naver.com/skqkfl2018/222824071361
936,https://blog.naver.com/dbstmfrlek/222740183821
937,https://blog.naver.com/k2zerg/222639093111
938,https://blog.naver.com/kmj424425/222718495447
939,https://blog.naver.com/ring4100/222674904858
940,https://blog.naver.com/lizbody/222851451145
941,https://blog.naver.com/yuzzi3120/222727917210
942,https://blog.naver.com/oddangzzigae/222648350093
943,https://blog.naver.com/cskw11/222665513976
944,https://blog.naver.com/miyampuzzy/222642458218
945,https://blog.naver.com/employmenth657/222633946978
946,https://blog.naver.com/dbstmfrlek/222885406711
947,https://blog.naver.com/yunsiru/222696095312
948,https://blog.naver.com/oper45454/222634412154
949,https://blog.naver.com/starljw90/222644479857
950,https://blog.naver.com/su_hyeon09/222669043866
951,https://blog.naver.com/pickneat/222697035515
952,https://blog.naver.com/testnori89/222883189036
953,https://blog.naver.com/azaleass/222635202981
954,https://blog.naver.com/tnskpopstudio/222698967571
955,https://blog.naver.com/yunsiru/222635867270
956,https://blog.naver.com/azaleass/222715811769
957,https://blog.naver.com/addb2008/222631621335
958,https://darkening.tistory.com/1276
959,https://kant10.tistory.com/1950
960,https://blog.naver.com/azaleass/222626046065
961,https://blog.naver.com/dbstmfrlek/222882695917
962,https://blog.naver.com/gguu1029/222909889506
963,https://blog.naver.com/hun4339/222646056374
964,https://blog.naver.com/sfenn/222776199132
965,https://blog.naver.com/bhuiu2/222661994019
966,https://blog.naver.com/twinkmin/222649699157
967,https://blog.naver.com/lthrk035/222834759531
968,https://blog.naver.com/gksakfk5410/222666379320
969,https://blog.naver.com/jw43357/222662018307
970,https://super6oy.tistory.com/entry/%EC%97%90%EC%9D%B4%ED%95%91%ED%81%AC-%EB%B3%B4%EB%AF%B8-%EC%9C%A4%EB%B3%B4%EB%AF%B8-%EC%9D%B8%EC%8A%A4%ED%83%80%EA%B7%B8%EB%9E%A8-%EC%82%AC%EC%A7%84-%EB%AA%A8%EC%9D%8C?category=965924
971,https://blog.naver.com/divisions6mb/222871168681
972,https://blog.naver.com/anarchia2017/222629823703
973,https://blog.naver.com/oj6676/222713663410
974,https://blog.naver.com/primarily1rr9/222870829548
975,https://blog.naver.com/oper45454/222611033284
976,https://blog.naver.com/lineyoga1101/222937721869
977,https://blog.naver.com/bgb1234/222649730221
978,https://gdbaby.tistory.com/406
979,https://blog.naver.com/gotitkorea/222904107589
980,https://blog.naver.com/mooo4806/222844557458
981,https://blog.naver.com/hader0215/222696085990
982,https://blog.naver.com/7822lsy/222815761767
983,https://blog.naver.com/turbo12177/222639652957
984,https://blog.naver.com/mini2911/222636652319
985,https://blog.naver.com/solinsystem/222733352734
986,https://blog.naver.com/crazzybilly/222653099321
987,https://fashiontip.tistory.com/16007
988,https://blog.naver.com/ohye1991/222937679823
989,https://blog.naver.com/gksakfk5410/222621086488
990,https://stylesquare.tistory.com/489
991,https://blog.naver.com/theeditkwon/222638789368
992,https://blog.naver.com/teachingepb8/222824756447
993,https://blog.naver.com/classicall7a7/222829855210
994,https://blog.naver.com/galam0703/222637073229
995,https://blog.naver.com/prettydaezi/222651022999
996,https://blog.naver.com/dioklgns/222610346818
